id;created_at;lastname;firstname;email;gender;phone;address;city;country;postal_code
1;2023-02-22 14:55:39;Ivanenko;Eugenia;eivanenko0@dell.com;Genderqueer;867-400-6578;2 Rigney Avenue;Fanrong;China;
2;2024-04-19 06:27:32;Pourveer;Welby;wpourveer1@indiatimes.com;Male;122-413-7901;77 Alpine Hill;Xiangzikou;China;
3;2024-02-12 01:51:28;Oxtoby;Chaddie;coxtoby2@adobe.com;Male;278-893-2389;54 Southridge Avenue;Longmen;China;
4;2023-02-17 19:35:35;Northidge;Brien;bnorthidge3@arizona.edu;Male;786-229-1805;282 Twin Pines Park;Miami;United States;33233
5;2023-07-06 11:38:44;O'Cannovane;Kaila;kocannovane4@alibaba.com;Agender;769-677-2101;0 Waywood Park;Wang Hin;Thailand;33270
6;2023-08-30 20:59:18;Clift;Agata;aclift5@imgur.com;Female;304-673-5394;1050 Summerview Place;Battambang;Cambodia;
7;2023-02-13 01:09:20;Burnie;Ethe;eburnie6@youtu.be;Male;560-257-9230;481 Moulton Avenue;Watthana Nakhon;Thailand;34230
8;2023-12-14 08:49:00;Byrcher;Antone;abyrcher7@dot.gov;Male;110-963-8667;711 Sherman Parkway;Dongobesh;Tanzania;
9;2023-01-09 03:20:58;Scud;Cody;cscud8@privacy.gov.au;Male;581-126-4561;07 Mifflin Point;Ulricehamn;Sweden;523 32
10;2023-05-12 16:58:17;Kettridge;Didi;dkettridge9@livejournal.com;Female;461-982-3233;04459 Mallory Avenue;Radvanice;Czech Republic;751 21
11;2024-02-11 09:36:45;Woodison;Masha;mwoodisona@ow.ly;Female;115-721-8240;327 Westerfield Plaza;Yasnogorsk;Russia;301054
12;2024-05-21 00:51:55;Corro;Maible;mcorrob@oakley.com;Female;391-263-3338;4717 Farragut Road;Tuqiao;China;
13;2023-08-17 23:29:21;Liversidge;Woodrow;wliversidgec@reference.com;Male;275-246-8579;98223 Buhler Park;Richmond;Jamaica;
14;2023-11-02 06:34:45;Giacovetti;Ebenezer;egiacovettid@cmu.edu;Male;555-582-2400;225 Utah Hill;Long Thành;Vietnam;
15;2024-01-18 13:26:35;Scarsbrook;Louella;lscarsbrooke@amazon.com;Agender;460-361-0296;1 Memorial Junction;Rayevskaya;Russia;353983
16;2024-01-20 01:15:51;Smail;Audy;asmailf@tinyurl.com;Female;704-333-3358;19876 Pankratz Crossing;Kampong Cham;Cambodia;
17;2023-08-28 01:25:36;Fleischer;Lona;lfleischerg@theguardian.com;Female;298-975-4738;4 Garrison Way;Quezon City;Philippines;5312
18;2023-05-30 17:16:58;Duval;Zea;zduvalh@census.gov;Female;553-350-2945;356 Delaware Parkway;Shanshi;China;
19;2023-07-24 07:18:31;MacCroary;Bronnie;bmaccroaryi@google.com.hk;Male;558-560-7558;87 Longview Street;Al Funayţīs;Kuwait;
20;2023-12-26 08:46:42;Webborn;Nevins;nwebbornj@usgs.gov;Male;411-781-7018;14 Debs Terrace;Baishan;China;
21;2024-04-12 04:36:22;Worts;Shayne;swortsk@dropbox.com;Female;986-228-5087;091 Duke Way;Pericik;Indonesia;
22;2024-04-12 04:04:01;Polle;Massimiliano;mpollel@amazon.com;Male;649-843-9536;4 Farmco Hill;Ostružnica;Serbia;
23;2024-03-15 01:56:44;Linebarger;Geoffry;glinebargerm@acquirethisname.com;Male;455-120-2525;5 Bunting Terrace;Kayangel;Palau;
24;2024-03-23 08:55:16;Cathie;Carolus;ccathien@princeton.edu;Male;717-777-5774;6 Jenna Road;Wangcao;China;
25;2023-07-09 12:59:49;Mac;Miltie;mmaco@tinypic.com;Agender;588-827-8912;025 Anzinger Hill;Ahmadpur Siāl;Pakistan;39351
26;2023-02-19 23:20:17;Rozsa;Giustina;grozsap@china.com.cn;Female;368-448-2312;386 Sloan Street;Dete;Zimbabwe;
27;2023-01-29 04:15:36;Sims;Ginevra;gsimsq@last.fm;Female;640-686-6155;19453 Macpherson Street;Meicheng;China;
28;2023-04-28 16:41:53;Kordes;Adrien;akordesr@geocities.jp;Male;867-344-9267;49619 Green Ridge Park;Mieścisko;Poland;62-290
29;2023-05-28 21:21:16;Spenton;Gunther;gspentons@wufoo.com;Male;328-365-9139;51085 Luster Plaza;Bouabout;Morocco;
30;2023-02-04 13:30:06;Bradford;Reba;rbradfordt@google.pl;Bigender;149-494-9023;6 Rowland Pass;Dourbali;Chad;
31;2024-02-07 09:27:17;Basten;Reinhold;rbastenu@yale.edu;Male;760-847-6901;23322 Karstens Point;Kakaek;Indonesia;
32;2023-01-03 06:04:15;Edgeley;Leila;ledgeleyv@cam.ac.uk;Agender;989-279-1430;917 Sachtjen Circle;North Shore;New Zealand;0748
33;2023-03-29 18:29:44;Daintier;Giana;gdaintierw@paginegialle.it;Female;281-737-9143;6246 Waywood Way;Kyllíni;Greece;
34;2023-05-22 13:30:55;Laskey;Maisie;mlaskeyx@fc2.com;Female;381-908-1151;3391 Larry Alley;Polje;Bosnia and Herzegovina;
35;2023-02-24 00:24:42;Slamaker;Duke;dslamakery@barnesandnoble.com;Male;489-829-6312;77728 Butterfield Drive;Khanāşir;Syria;
36;2023-11-25 11:45:31;Franschini;Fenelia;ffranschiniz@disqus.com;Female;771-451-0924;1327 Lyons Trail;Coro;Venezuela;
37;2024-03-24 04:51:34;Crevagh;Glyn;gcrevagh10@apple.com;Male;141-955-5020;88 Jackson Terrace;Union;Philippines;5609
38;2023-07-01 18:48:00;Harbison;Willy;wharbison11@youku.com;Male;861-926-7905;8 Sycamore Lane;San Isidro;Mexico;45147
39;2023-07-25 21:22:32;Sherbrooke;Konstanze;ksherbrooke12@rediff.com;Female;943-999-1375;41 Carberry Avenue;Zaoshi;China;
40;2023-04-06 02:59:31;Golborne;Phillipe;pgolborne13@usa.gov;Male;830-781-7967;32 Grayhawk Parkway;Melikkrajan;Indonesia;
41;2023-02-17 08:31:27;Skilbeck;Vite;vskilbeck14@arstechnica.com;Polygender;508-454-8090;180 Schlimgen Way;Jelat;Indonesia;
42;2023-09-22 20:09:45;Roads;Frazier;froads15@geocities.jp;Male;855-314-5747;04 Utah Plaza;Atescatempa;Guatemala;22007
43;2024-01-11 11:08:26;Ruvel;Nikolaus;nruvel16@github.com;Male;558-386-1586;95168 Hoard Plaza;El Obeid;Sudan;
44;2024-05-08 12:36:38;Furley;Raynor;rfurley17@reuters.com;Non-binary;468-873-9099;448 Northview Street;Iwye;Belarus;
45;2023-02-18 21:49:23;Missington;Fredra;fmissington18@ustream.tv;Female;869-812-3463;71391 Golf View Terrace;Samouco;Portugal;2890-206
46;2023-09-27 15:07:26;Syne;Clementia;csyne19@wikipedia.org;Non-binary;953-163-4689;0432 Lillian Pass;Jombang;Indonesia;
47;2023-10-15 17:19:31;O'Corren;Giralda;gocorren1a@yellowbook.com;Female;282-247-2285;818 Hoard Center;Rio Real;Brazil;48330-000
48;2023-03-20 01:59:13;Risely;Demetrius;drisely1b@cdc.gov;Male;565-822-3130;68 Bluejay Court;Vorzel’;Ukraine;
49;2023-07-16 07:20:20;D'Ambrosi;Carolyn;cdambrosi1c@webmd.com;Female;163-551-0985;9494 Mccormick Place;Nhà Bè;Vietnam;
50;2023-03-29 21:54:03;Genney;Klarika;kgenney1d@sfgate.com;Female;488-860-4360;44338 Ryan Park;Pasarkolot;Indonesia;
51;2024-04-18 01:28:58;Avrahamov;Glad;gavrahamov1e@desdev.cn;Female;403-604-1306;6 Stone Corner Terrace;Sukhirin;Thailand;96190
52;2024-02-20 18:07:54;Valance;Carlyn;cvalance1f@time.com;Female;807-147-7218;03 Menomonie Court;Narganá;Panama;
53;2023-10-09 20:46:42;Seiffert;Tulley;tseiffert1g@wufoo.com;Male;798-403-0108;854 Monterey Place;Dingli;Malta;DGL
54;2023-11-03 03:50:23;Brooking;Elsbeth;ebrooking1h@ameblo.jp;Female;926-348-0305;1 Lighthouse Bay Alley;Pedro Sánchez;Dominican Republic;10514
55;2023-06-04 18:33:04;O' Culligan;Claude;coculligan1i@illinois.edu;Female;728-426-4783;087 Twin Pines Place;Bagahanlad;Philippines;5418
56;2023-12-12 15:21:47;Pedroli;Pincus;ppedroli1j@army.mil;Non-binary;837-679-9231;919 Roth Circle;Ágios Efstrátios;Greece;
57;2024-03-29 00:27:42;Kissack;Jacquenetta;jkissack1k@cbc.ca;Female;606-919-2257;8709 South Trail;Inhambane;Mozambique;
58;2023-01-25 21:28:08;Iacomini;Helge;hiacomini1l@posterous.com;Female;530-677-3477;41124 North Center;Werangere;Indonesia;
59;2023-05-30 15:51:27;Maciejak;Gareth;gmaciejak1m@csmonitor.com;Male;305-452-2228;9031 Novick Pass;Gon’ba;Russia;656903
60;2023-05-23 23:24:42;Sima;Davie;dsima1n@accuweather.com;Male;556-551-1450;2 Armistice Crossing;Akashi;Japan;950-0084
61;2023-07-18 10:46:49;Sirkett;Tuesday;tsirkett1o@marketwatch.com;Female;626-995-3176;75515 Daystar Hill;Hāfizābād;Pakistan;52111
62;2023-05-29 14:04:10;Dietmar;Gayleen;gdietmar1p@unicef.org;Female;645-947-2646;64588 Lunder Crossing;Claveria;Philippines;9004
63;2023-07-01 22:13:01;Colgrave;Gibbie;gcolgrave1q@bloomberg.com;Male;378-880-5881;30 Southridge Point;Troparëvo;Russia;141662
64;2023-11-23 00:25:08;Librey;Brianna;blibrey1r@g.co;Female;310-591-8138;0837 Nevada Crossing;Nahariya;Israel;
65;2023-07-28 03:55:28;Foddy;Martynne;mfoddy1s@51.la;Female;114-483-1874;79 Holmberg Alley;Arras;France;62010 CEDEX
66;2024-01-01 03:10:20;MacConnell;Noel;nmacconnell1t@plala.or.jp;Female;707-623-7054;8225 Atwood Alley;Kota Kinabalu;Malaysia;88564
67;2023-09-15 05:17:02;Casajuana;Joanna;jcasajuana1u@facebook.com;Genderqueer;561-981-4318;10 Oxford Terrace;Kalibo (poblacion);Philippines;8113
68;2024-02-18 10:42:12;Hathorn;Douglas;dhathorn1v@nytimes.com;Male;883-622-1281;838 Dahle Road;Jiangya;China;
69;2023-03-25 21:43:56;McGing;Vlad;vmcging1w@about.com;Male;547-987-8591;8 Shoshone Road;Ijūin;Japan;899-3221
70;2023-10-08 12:46:34;Becconsall;Maire;mbecconsall1x@ibm.com;Agender;823-218-8874;0676 Lakewood Gardens Crossing;Phibun Mangsahan;Thailand;34110
71;2023-05-27 21:07:03;Morrilly;Rosalinde;rmorrilly1y@apache.org;Female;440-348-4228;892 New Castle Point;Tucaní;Venezuela;
72;2023-02-07 16:36:28;Melmeth;Gianina;gmelmeth1z@sphinn.com;Female;718-940-2681;5378 Northland Park;Fatou;China;
73;2023-01-14 20:31:26;Pillman;William;wpillman20@ox.ac.uk;Male;230-437-4452;8217 Lindbergh Court;Łużna;Poland;38-322
74;2023-04-30 10:06:33;Ricci;Curt;cricci21@oakley.com;Male;233-458-4741;07729 Gale Way;Tangzi;China;
75;2023-09-08 08:35:03;Sircombe;Brandi;bsircombe22@devhub.com;Female;320-109-5263;2 Oxford Pass;Chengbei;China;
76;2023-03-01 17:54:22;Thomkins;Tracy;tthomkins23@uol.com.br;Male;109-192-2513;65724 Jackson Plaza;Yelizovo;Russia;117452
77;2023-01-29 08:55:50;Stadding;Marlo;mstadding24@dell.com;Male;886-190-8630;1008 South Alley;Chlói;Greece;
78;2023-10-05 06:31:47;Walpole;Dannel;dwalpole25@xing.com;Male;320-229-5235;297 Donald Junction;Saint-Quentin-en-Yvelines;France;78061 CEDEX
79;2023-10-05 01:26:59;Meletti;Thornton;tmeletti26@instagram.com;Male;582-847-1519;2 Rockefeller Circle;Ōkuchi;Japan;895-2635
80;2023-02-14 02:10:12;Uzzell;Barnebas;buzzell27@reddit.com;Male;490-928-5218;76 Surrey Point;Krajan Dua Sumbersari;Indonesia;
81;2023-01-13 07:39:38;Kimmons;Bobbie;bkimmons28@mtv.com;Male;639-705-2749;9093 Lukken Avenue;Khvānsār;Iran;
82;2023-01-25 03:28:32;MacCaull;Steffane;smaccaull29@soundcloud.com;Female;454-984-8865;68 New Castle Court;Quinta;Portugal;4860-077
83;2024-04-16 20:51:19;Petyanin;Suzanna;spetyanin2a@google.cn;Female;754-572-4974;5869 Weeping Birch Road;Huangshi;China;
84;2024-03-17 05:12:52;Drain;Budd;bdrain2b@mapquest.com;Male;331-946-0045;952 Buell Park;Debeljača;Serbia;
85;2024-02-19 07:47:38;Furney;Travus;tfurney2c@parallels.com;Male;186-970-9654;42238 Killdeer Circle;Strachówka;Poland;05-282
86;2023-08-14 19:49:35;McKernan;Kym;kmckernan2d@parallels.com;Non-binary;429-470-9229;89455 Sundown Terrace;Kazan;Russia;421991
87;2023-12-08 02:26:24;McLagain;Hanny;hmclagain2e@auda.org.au;Female;739-743-8392;51211 Tennessee Terrace;Lwówek Śląski;Poland;59-601
88;2024-04-04 08:26:06;Illing;Gabbey;gilling2f@blogs.com;Female;494-688-2064;3057 Manley Place;Almodôvar;Portugal;7700-015
89;2023-06-22 13:47:40;Hintze;Albertine;ahintze2g@360.cn;Female;773-906-4697;0 Transport Park;Kveda Chkhorots’q’u;Georgia;
90;2023-07-04 16:12:59;Radage;Ddene;dradage2h@apple.com;Female;224-943-2300;4791 Summer Ridge Plaza;Slovenska Bistrica;Slovenia;2310
91;2023-09-29 04:24:17;Gawthrop;Jodi;jgawthrop2i@mashable.com;Male;206-775-9413;96519 Bunting Drive;Pong;Thailand;56140
92;2024-03-17 13:32:17;Blockwell;Fleur;fblockwell2j@wikipedia.org;Female;243-773-2179;7 Hoepker Road;Ranot;Thailand;90140
93;2023-02-02 14:02:37;Lenchenko;Alex;alenchenko2k@w3.org;Male;372-618-1920;09 7th Place;Dinājpur;Bangladesh;5216
94;2023-07-11 22:26:28;Coath;Lesli;lcoath2l@ehow.com;Female;787-909-0538;8844 Clyde Gallagher Parkway;Llocllapampa;Peru;
95;2023-10-07 07:04:29;Klossmann;Denise;dklossmann2m@mlb.com;Female;618-193-5693;62 Dottie Terrace;Jinping;China;
96;2023-11-18 14:04:46;Kemble;Erminia;ekemble2n@va.gov;Female;166-409-6177;1 Hayes Parkway;Taling;China;
97;2023-09-30 06:51:12;Bilbey;Livy;lbilbey2o@feedburner.com;Female;948-857-3848;3 Sundown Junction;Dula’er Ewenke Minzu;China;
98;2023-06-28 23:13:12;Trunks;Adella;atrunks2p@yolasite.com;Female;759-893-0662;789 South Junction;Berkovitsa;Bulgaria;3500
99;2024-01-12 06:22:58;McCreedy;Benton;bmccreedy2q@dot.gov;Male;617-275-8061;34 Alpine Lane;Redinha;Portugal;3105-325
100;2023-08-26 17:58:57;Dodding;Nonie;ndodding2r@telegraph.co.uk;Genderqueer;503-587-9186;8 Service Junction;Nocaima;Colombia;253627
